"close","high","low","open","startTime","time","volume"
41220,41280,40391,40838,"2021-01-14T04:00:00+00:00",1610596800000,123525.6789
41327,41753,41111,41220,"2021-01-14T05:00:00+00:00",1610600400000,107016.1171
41666,41926,41262,41327,"2021-01-14T06:00:00+00:00",1610604000000,108856.1405
42169,42532,41553,41666,"2021-01-14T07:00:00+00:00",1610607600000,111216.3562
42257,42847,42169,42169,"2021-01-14T08:00:00+00:00",1610611200000,79446.2046
41847,42335,41761,42257,"2021-01-14T09:00:00+00:00",1610614800000,69814.481
42368,42416,41745,41920,"2021-01-14T10:00:00+00:00",1610618400000,55170.0207
42222,42514,41933,42368,"2021-01-14T11:00:00+00:00",1610622000000,53676.063
42032,42289,41469,42222,"2021-01-14T12:00:00+00:00",1610625600000,104725.3301
42916,42944,41971,42032,"2021-01-14T13:00:00+00:00",1610629200000,226511.4503
43690,43796,42796,42916,"2021-01-14T14:00:00+00:00",1610632800000,135827.395
43589,44224,43408,43690,"2021-01-14T15:00:00+00:00",1610636400000,114637.0192
43256,44081,43213,43594,"2021-01-14T16:00:00+00:00",1610640000000,83932.8056
43440,43916,43215,43260,"2021-01-14T17:00:00+00:00",1610643600000,57372.8766
43314,43615,43242,43440,"2021-01-14T18:00:00+00:00",1610647200000,23987.0496
43944,43988,43314,43314,"2021-01-14T19:00:00+00:00",1610650800000,79691.6686
43355,44007,43343,43944,"2021-01-14T20:00:00+00:00",1610654400000,28196.2045
42872,43436,42250,43355,"2021-01-14T21:00:00+00:00",1610658000000,180304.9859
43065,43179,42403,42856,"2021-01-14T22:00:00+00:00",1610661600000,118577.31
43195,43408,42760,43065,"2021-01-14T23:00:00+00:00",1610665200000,16398.597
43652,43936,43097,43195,"2021-01-15T00:00:00+00:00",1610668800000,91723.7811
43360,43867,43223,43652,"2021-01-15T01:00:00+00:00",1610672400000,72198.6881
43463,43690,42983,43360,"2021-01-15T02:00:00+00:00",1610676000000,78926.4437
42788,43532,42542,43463,"2021-01-15T03:00:00+00:00",1610679600000,108499.5078
42512,42869,42408,42788,"2021-01-15T04:00:00+00:00",1610683200000,147841.7837
41767,42916,41762,42512,"2021-01-15T05:00:00+00:00",1610686800000,59344.6978
41918,42003,41485,41767,"2021-01-15T06:00:00+00:00",1610690400000,31679.9039
42455,42455,41598,41918,"2021-01-15T07:00:00+00:00",1610694000000,91573.8038
42280,42676,42174,42451,"2021-01-15T08:00:00+00:00",1610697600000,77290.4438
42783,42803,41992,42280,"2021-01-15T09:00:00+00:00",1610701200000,53717.9261
42538,42868,42413,42783,"2021-01-15T10:00:00+00:00",1610704800000,10166.7016
42108,42620,41878,42538,"2021-01-15T11:00:00+00:00",1610708400000,127747.6255
41749,42189,41060,42108,"2021-01-15T12:00:00+00:00",1610712000000,367372.0515
41711,41894,41187,41749,"2021-01-15T13:00:00+00:00",1610715600000,27698.8409
40878,41843,40569,41721,"2021-01-15T14:00:00+00:00",1610719200000,117039.6675
39365,40884,39021,40878,"2021-01-15T15:00:00+00:00",1610722800000,259506.823
39650,39919,38021,39354,"2021-01-15T16:00:00+00:00",1610726400000,155284.4893
39595,39650,38862,39650,"2021-01-15T17:00:00+00:00",1610730000000,253408.2998
39060,39883,38501,39595,"2021-01-15T18:00:00+00:00",1610733600000,1490621.867
38817,39546,38607,39060,"2021-01-15T19:00:00+00:00",1610737200000,151307.8153
39072,39234,38449,38817,"2021-01-15T20:00:00+00:00",1610740800000,1307925.3484
39415,39658,38987,39072,"2021-01-15T21:00:00+00:00",1610744400000,134258.7823
39633,39961,39191,39415,"2021-01-15T22:00:00+00:00",1610748000000,1107285.5202
39804,39960,39542,39633,"2021-01-15T23:00:00+00:00",1610751600000,846289.9144
40189,40535,39804,39804,"2021-01-16T00:00:00+00:00",1610755200000,1928831.2488
40090,40639,39948,40189,"2021-01-16T01:00:00+00:00",1610758800000,1239654.6964
39578,40293,39403,40090,"2021-01-16T02:00:00+00:00",1610762400000,75929.7813
39859,39967,39417,39578,"2021-01-16T03:00:00+00:00",1610766000000,54544.2849
39816,40031,39514,39859,"2021-01-16T04:00:00+00:00",1610769600000,73259.0221
39355,39902,38971,39816,"2021-01-16T05:00:00+00:00",1610773200000,1446406.5823
39409,39653,39284,39355,"2021-01-16T06:00:00+00:00",1610776800000,198502.4641
39758,40048,39409,39409,"2021-01-16T07:00:00+00:00",1610780400000,39994.298
40378,40540,39493,39758,"2021-01-16T08:00:00+00:00",1610784000000,353270.972
40297,40645,40084,40378,"2021-01-16T09:00:00+00:00",1610787600000,860611.7108
40559,40998,40297,40297,"2021-01-16T10:00:00+00:00",1610791200000,1059163.7175
40744,40962,40381,40559,"2021-01-16T11:00:00+00:00",1610794800000,32264.0298
40548,40908,40037,40744,"2021-01-16T12:00:00+00:00",1610798400000,58399.8215
40471,40891,40339,40548,"2021-01-16T13:00:00+00:00",1610802000000,34141.37
40520,40649,40080,40471,"2021-01-16T14:00:00+00:00",1610805600000,34824.2687
40680,41047,40356,40520,"2021-01-16T15:00:00+00:00",1610809200000,43484.1598
40513,40935,40275,40680,"2021-01-16T16:00:00+00:00",1610812800000,92316.7614
40218,40629,40218,40508,"2021-01-16T17:00:00+00:00",1610816400000,44085.7218
39949,40624,39810,40218,"2021-01-16T18:00:00+00:00",1610820000000,86195.8615
39954,40162,39720,39949,"2021-01-16T19:00:00+00:00",1610823600000,208757.0781
40149,40268,39794,39954,"2021-01-16T20:00:00+00:00",1610827200000,121643.1996
39434,40150,39220,40149,"2021-01-16T21:00:00+00:00",1610830800000,3118298.5716
39525,39611,38875,39434,"2021-01-16T22:00:00+00:00",1610834400000,1014554.745
39437,39860,39364,39525,"2021-01-16T23:00:00+00:00",1610838000000,169649.4597
39727,39843,39131,39437,"2021-01-17T00:00:00+00:00",1610841600000,148726.1576
39967,40023,39517,39727,"2021-01-17T01:00:00+00:00",1610845200000,171518.5964
39746,39985,39586,39967,"2021-01-17T02:00:00+00:00",1610848800000,73958.8864
39570,39878,39430,39746,"2021-01-17T03:00:00+00:00",1610852400000,34014.1933
39366,39726,39298,39570,"2021-01-17T04:00:00+00:00",1610856000000,28893.6502
39197,39499,39099,39366,"2021-01-17T05:00:00+00:00",1610859600000,159157.4402
39042,39345,38706,39197,"2021-01-17T06:00:00+00:00",1610863200000,1067212.7463
38601,39187,38300,39042,"2021-01-17T07:00:00+00:00",1610866800000,959327.5942
38649,38700,38166,38601,"2021-01-17T08:00:00+00:00",1610870400000,1512632.0552
37054,38773,36882,38649,"2021-01-17T09:00:00+00:00",1610874000000,626971.3973
37719,38007,36666,37054,"2021-01-17T10:00:00+00:00",1610877600000,370087.3473
38227,38295,37586,37718,"2021-01-17T11:00:00+00:00",1610881200000,142328.8076
38027,38468,37862,38227,"2021-01-17T12:00:00+00:00",1610884800000,187298.5712
37589,38433,37582,38027,"2021-01-17T13:00:00+00:00",1610888400000,32316.1693
37728,38085,37529,37591,"2021-01-17T14:00:00+00:00",1610892000000,127316.6002
38756,39077,37472,37728,"2021-01-17T15:00:00+00:00",1610895600000,105191.4148
39056,39312,38706,38756,"2021-01-17T16:00:00+00:00",1610899200000,6773.4209
39025,39289,38750,39056,"2021-01-17T17:00:00+00:00",1610902800000,0
38820,39056,38761,39011,"2021-01-17T18:00:00+00:00",1610906400000,24686.8883
38749,39139,38644,38820,"2021-01-17T19:00:00+00:00",1610910000000,9177.8728
39236,39239,38675,38749,"2021-01-17T20:00:00+00:00",1610913600000,2553.0321
39808,40088,39211,39236,"2021-01-17T21:00:00+00:00",1610917200000,38177.1656
39428,39932,39236,39808,"2021-01-17T22:00:00+00:00",1610920800000,58926.1568
39017,39631,38842,39423,"2021-01-17T23:00:00+00:00",1610924400000,62760.2027
39128,39187,38746,39017,"2021-01-18T00:00:00+00:00",1610928000000,144681.0435
39317,39371,38770,39128,"2021-01-18T01:00:00+00:00",1610931600000,358867.2808
38935,39421,38879,39317,"2021-01-18T02:00:00+00:00",1610935200000,64500.6929
38278,39059,38022,38935,"2021-01-18T03:00:00+00:00",1610938800000,567913.6082
38235,38496,38044,38278,"2021-01-18T04:00:00+00:00",1610942400000,123677.0465
38520,38648,37857,38235,"2021-01-18T05:00:00+00:00",1610946000000,214527.0951
38380,38617,38231,38520,"2021-01-18T06:00:00+00:00",1610949600000,96624.976
39459,39621,38325,38380,"2021-01-18T07:00:00+00:00",1610953200000,101022.7772
39696,39848,39459,39459,"2021-01-18T08:00:00+00:00",1610956800000,9694.267
40054,40093,39665,39696,"2021-01-18T09:00:00+00:00",1610960400000,9304.9948
39668,40119,39585,40054,"2021-01-18T10:00:00+00:00",1610964000000,14122.7006
39940,40018,39195,39668,"2021-01-18T11:00:00+00:00",1610967600000,29073.2752
40731,41173,39910,39940,"2021-01-18T12:00:00+00:00",1610971200000,140938.6321
40554,40895,40412,40731,"2021-01-18T13:00:00+00:00",1610974800000,75765.0028
40096,40700,39648,40480,"2021-01-18T14:00:00+00:00",1610978400000,127720.3823
40039,40272,39731,40096,"2021-01-18T15:00:00+00:00",1610982000000,17331.7318
39777,40190,39359,40039,"2021-01-18T16:00:00+00:00",1610985600000,75020.9523
39116,39902,38854,39777,"2021-01-18T17:00:00+00:00",1610989200000,106604.3749
39290,39419,38976,39116,"2021-01-18T18:00:00+00:00",1610992800000,52614.5986
39526,39607,39248,39290,"2021-01-18T19:00:00+00:00",1610996400000,10115.8396
39685,39977,39340,39526,"2021-01-18T20:00:00+00:00",1611000000000,8576.5534
39835,39899,39546,39685,"2021-01-18T21:00:00+00:00",1611003600000,17235.4687
40257,40336,39835,39835,"2021-01-18T22:00:00+00:00",1611007200000,14160.009
40473,40612,39999,40311,"2021-01-18T23:00:00+00:00",1611010800000,7276.6812
40575,40850,40217,40473,"2021-01-19T00:00:00+00:00",1611014400000,5519.3888
41188,41671,40546,40575,"2021-01-19T01:00:00+00:00",1611018000000,130398.6609
41126,41310,40896,41190,"2021-01-19T02:00:00+00:00",1611021600000,93657.2826
40727,41172,40726,41107,"2021-01-19T03:00:00+00:00",1611025200000,50417.316
40515,40979,40429,40727,"2021-01-19T04:00:00+00:00",1611028800000,27807.1539
40299,40706,40196,40508,"2021-01-19T05:00:00+00:00",1611032400000,11988.9868
40729,40891,40196,40299,"2021-01-19T06:00:00+00:00",1611036000000,10029.8145
41422,41545,40585,40729,"2021-01-19T07:00:00+00:00",1611039600000,30981.4417
41675,42028,41170,41442,"2021-01-19T08:00:00+00:00",1611043200000,500323.2245
41479,41971,41432,41675,"2021-01-19T09:00:00+00:00",1611046800000,86950.4266
41356,41706,41022,41479,"2021-01-19T10:00:00+00:00",1611050400000,144566.6401
41692,41701,41159,41356,"2021-01-19T11:00:00+00:00",1611054000000,20465.6487
40893,41957,40791,41692,"2021-01-19T12:00:00+00:00",1611057600000,47667.0386
41261,41291,40893,40893,"2021-01-19T13:00:00+00:00",1611061200000,19430.0946
41081,41444,41021,41261,"2021-01-19T14:00:00+00:00",1611064800000,23761.942
41532,41567,40838,41081,"2021-01-19T15:00:00+00:00",1611068400000,45402.6987
41601,42219,41403,41528,"2021-01-19T16:00:00+00:00",1611072000000,112117.8752
41284,41758,41143,41601,"2021-01-19T17:00:00+00:00",1611075600000,63518.9232
40442,41287,40442,41284,"2021-01-19T18:00:00+00:00",1611079200000,60368.9244
40204,40785,39785,40442,"2021-01-19T19:00:00+00:00",1611082800000,81330.8709
40315,40540,40013,40204,"2021-01-19T20:00:00+00:00",1611086400000,56354.0044
40298,40632,40223,40315,"2021-01-19T21:00:00+00:00",1611090000000,39124.433
40449,40576,40160,40298,"2021-01-19T22:00:00+00:00",1611093600000,219558.2434
39572,40570,39443,40449,"2021-01-19T23:00:00+00:00",1611097200000,36654.1918
39910,39999,39113,39572,"2021-01-20T00:00:00+00:00",1611100800000,61630.5849
39791,40047,39595,39910,"2021-01-20T01:00:00+00:00",1611104400000,8566.2838
39598,39791,39274,39791,"2021-01-20T02:00:00+00:00",1611108000000,127834.3172
38425,39624,38279,39624,"2021-01-20T03:00:00+00:00",1611111600000,157981.7588
38475,38629,37846,38425,"2021-01-20T04:00:00+00:00",1611115200000,139873.3434
38697,38746,38399,38475,"2021-01-20T05:00:00+00:00",1611118800000,10017.6573
38436,38847,38300,38697,"2021-01-20T06:00:00+00:00",1611122400000,49734.7068
38910,39041,38365,38436,"2021-01-20T07:00:00+00:00",1611126000000,58920.931
38744,39193,38520,38910,"2021-01-20T08:00:00+00:00",1611129600000,137854.0655
37729,38806,37420,38744,"2021-01-20T09:00:00+00:00",1611133200000,151632.2373
37737,37956,37170,37729,"2021-01-20T10:00:00+00:00",1611136800000,234730.297
37290,37880,36811,37737,"2021-01-20T11:00:00+00:00",1611140400000,82311.9406
37691,37804,36844,37290,"2021-01-20T12:00:00+00:00",1611144000000,61692.1788
37947,38009,37212,37691,"2021-01-20T13:00:00+00:00",1611147600000,8736.7176
37837,38164,37818,37947,"2021-01-20T14:00:00+00:00",1611151200000,2091.4579
37055,38027,36963,37837,"2021-01-20T15:00:00+00:00",1611154800000,6808.1961
37734,37774,36150,37055,"2021-01-20T16:00:00+00:00",1611158400000,69122.7413
37814,38072,37542,37729,"2021-01-20T17:00:00+00:00",1611162000000,52919.5328
38282,38292,37763,37814,"2021-01-20T18:00:00+00:00",1611165600000,29241.4214
38260,38364,37864,38282,"2021-01-20T19:00:00+00:00",1611169200000,30042.4271
38051,38347,37836,38260,"2021-01-20T20:00:00+00:00",1611172800000,21591.3289
37942,38148,37535,38051,"2021-01-20T21:00:00+00:00",1611176400000,24693.7898
38041,38165,37691,37938,"2021-01-20T22:00:00+00:00",1611180000000,15929.31
38671,38824,37865,38041,"2021-01-20T23:00:00+00:00",1611183600000,49834.4875
38542,38766,38264,38671,"2021-01-21T00:00:00+00:00",1611187200000,17355.8794
37840,38594,37741,38542,"2021-01-21T01:00:00+00:00",1611190800000,62644.5574
37612,37899,37409,37840,"2021-01-21T02:00:00+00:00",1611194400000,45115.2278
37665,37894,37261,37612,"2021-01-21T03:00:00+00:00",1611198000000,48427.3792
37169,37954,37079,37665,"2021-01-21T04:00:00+00:00",1611201600000,595083.2773
37553,37598,36863,37169,"2021-01-21T05:00:00+00:00",1611205200000,58108.5915
37676,37807,37486,37553,"2021-01-21T06:00:00+00:00",1611208800000,28826.4738
37750,38079,37563,37676,"2021-01-21T07:00:00+00:00",1611212400000,33039.4006
35987,37779,35874,37750,"2021-01-21T08:00:00+00:00",1611216000000,172334.2796
35335,36181,35087,35987,"2021-01-21T09:00:00+00:00",1611219600000,372882.2249
35216,35501,34370,35334,"2021-01-21T10:00:00+00:00",1611223200000,219824.5306
34651,35395,34552,35216,"2021-01-21T11:00:00+00:00",1611226800000,73050.6515
34840,34998,33519,34651,"2021-01-21T12:00:00+00:00",1611230400000,189819.1871
34694,35201,34505,34840,"2021-01-21T13:00:00+00:00",1611234000000,30519.7196
33421,34737,33293,34631,"2021-01-21T14:00:00+00:00",1611237600000,39145.4005
33713,34387,33358,33421,"2021-01-21T15:00:00+00:00",1611241200000,501600.998
33427,34737,33319,33713,"2021-01-21T16:00:00+00:00",1611244800000,196082.4611
34305,34463,33368,33440,"2021-01-21T17:00:00+00:00",1611248400000,49100.5
34113,34506,33758,34305,"2021-01-21T18:00:00+00:00",1611252000000,34158.8801
34863,35100,33996,34113,"2021-01-21T19:00:00+00:00",1611255600000,49786.072
34231,35005,34209,34863,"2021-01-21T20:00:00+00:00",1611259200000,52091.8399
33483,34472,33455,34231,"2021-01-21T21:00:00+00:00",1611262800000,466363.7728
33064,33534,32156,33483,"2021-01-21T22:00:00+00:00",1611266400000,601541.0927
32926,33754,32685,33036,"2021-01-21T23:00:00+00:00",1611270000000,640826.1673
31726,32930,31246,32926,"2021-01-22T00:00:00+00:00",1611273600000,1027087.4419
32279,32555,31035,31726,"2021-01-22T01:00:00+00:00",1611277200000,648894.4834
32880,33076,31949,32279,"2021-01-22T02:00:00+00:00",1611280800000,60050.6786
33171,33260,32447,32880,"2021-01-22T03:00:00+00:00",1611284400000,346314.6219
33267,33709,33079,33171,"2021-01-22T04:00:00+00:00",1611288000000,113708.2838
34256,34362,32997,33267,"2021-01-22T05:00:00+00:00",1611291600000,331156.0252
33962,34469,33944,34256,"2021-01-22T06:00:00+00:00",1611295200000,36724.7375
33156,34331,32910,33962,"2021-01-22T07:00:00+00:00",1611298800000,119973.4996
33874,33988,32698,33156,"2021-01-22T08:00:00+00:00",1611302400000,62821.2738
33811,34246,33619,33874,"2021-01-22T09:00:00+00:00",1611306000000,25348.8
33735,34194,33446,33811,"2021-01-22T10:00:00+00:00",1611309600000,79788.6543
34186,34439,33735,33735,"2021-01-22T11:00:00+00:00",1611313200000,53514.4232
33924,34434,33749,34185,"2021-01-22T12:00:00+00:00",1611316800000,13192.484
34658,34790,33793,33924,"2021-01-22T13:00:00+00:00",1611320400000,514599.5009
35022,35027,34640,34657,"2021-01-22T14:00:00+00:00",1611324000000,62126.5387
34973,35257,34793,35022,"2021-01-22T15:00:00+00:00",1611327600000,33565.8494
34984,35200,34480,34973,"2021-01-22T16:00:00+00:00",1611331200000,12247.2247
34853,35078,34626,34984,"2021-01-22T17:00:00+00:00",1611334800000,17152.9167
35872,35885,34753,34849,"2021-01-22T18:00:00+00:00",1611338400000,46518.1591
36189,36286,35697,35872,"2021-01-22T19:00:00+00:00",1611342000000,18294.6614
36139,36415,35948,36189,"2021-01-22T20:00:00+00:00",1611345600000,63411.6965
35949,36290,35831,36139,"2021-01-22T21:00:00+00:00",1611349200000,209891.624
35515,36246,35447,35949,"2021-01-22T22:00:00+00:00",1611352800000,24603.304
35647,35804,35192,35515,"2021-01-22T23:00:00+00:00",1611356400000,45133.2928
35380,35651,35055,35647,"2021-01-23T00:00:00+00:00",1611360000000,6459.6685
35458,35651,34898,35380,"2021-01-23T01:00:00+00:00",1611363600000,50361.9322
34960,35612,34688,35458,"2021-01-23T02:00:00+00:00",1611367200000,31162.1578
35078,35396,34888,34960,"2021-01-23T03:00:00+00:00",1611370800000,14271.9001
35352,35610,35009,35078,"2021-01-23T04:00:00+00:00",1611374400000,4932.5861
36169,36179,34999,35352,"2021-01-23T05:00:00+00:00",1611378000000,2912.866
35629,36280,35574,36169,"2021-01-23T06:00:00+00:00",1611381600000,8619.7
35679,35938,35456,35627,"2021-01-23T07:00:00+00:00",1611385200000,1074.1725
35742,35757,35386,35679,"2021-01-23T08:00:00+00:00",1611388800000,3747.066
35136,35880,35085,35742,"2021-01-23T09:00:00+00:00",1611392400000,43273.8029
35071,35229,34919,35136,"2021-01-23T10:00:00+00:00",1611396000000,132813.3598
34246,35259,34127,35071,"2021-01-23T11:00:00+00:00",1611399600000,87232.5187
34172,34581,34060,34246,"2021-01-23T12:00:00+00:00",1611403200000,47540.0361
34484,34943,33923,34172,"2021-01-23T13:00:00+00:00",1611406800000,46168.4877
34334,34599,34250,34484,"2021-01-23T14:00:00+00:00",1611410400000,2187.9446
34517,34820,34224,34334,"2021-01-23T15:00:00+00:00",1611414000000,86.815
34818,35008,34384,34517,"2021-01-23T16:00:00+00:00",1611417600000,25014.86
34924,35100,34714,34818,"2021-01-23T17:00:00+00:00",1611421200000,29553.0982
34850,35062,34500,34924,"2021-01-23T18:00:00+00:00",1611424800000,6403.3651
35009,35216,34823,34852,"2021-01-23T19:00:00+00:00",1611428400000,698.8
34896,35075,34706,35009,"2021-01-23T20:00:00+00:00",1611432000000,0
35029,35133,34516,34892,"2021-01-23T21:00:00+00:00",1611435600000,20043.5655
34716,35235,34617,35029,"2021-01-23T22:00:00+00:00",1611439200000,23095.3112
34747,34768,34505,34716,"2021-01-23T23:00:00+00:00",1611442800000,4603.8478
34576,34747,34273,34747,"2021-01-24T00:00:00+00:00",1611446400000,151702.5184
34626,34823,34459,34576,"2021-01-24T01:00:00+00:00",1611450000000,11891.5577
34883,35113,34523,34626,"2021-01-24T02:00:00+00:00",1611453600000,19444.687
35360,35360,34850,34883,"2021-01-24T03:00:00+00:00",1611457200000,5601.7292
35810,35820,35286,35360,"2021-01-24T04:00:00+00:00",1611460800000,4051.8718
35893,35961,35669,35810,"2021-01-24T05:00:00+00:00",1611464400000,15707.174
35612,36133,35504,35897,"2021-01-24T06:00:00+00:00",1611468000000,3569.1
35681,35705,35350,35612,"2021-01-24T07:00:00+00:00",1611471600000,1780.3
35447,35862,35390,35681,"2021-01-24T08:00:00+00:00",1611475200000,171424.9115
35505,35570,35362,35447,"2021-01-24T09:00:00+00:00",1611478800000,176660.3401
35547,35588,35296,35505,"2021-01-24T10:00:00+00:00",1611482400000,78173.5412
35683,35755,35543,35547,"2021-01-24T11:00:00+00:00",1611486000000,43459.3834
35168,35813,35031,35683,"2021-01-24T12:00:00+00:00",1611489600000,124026.9864
34996,35209,34893,35168,"2021-01-24T13:00:00+00:00",1611493200000,128459.4185
34755,35102,34655,34996,"2021-01-24T14:00:00+00:00",1611496800000,47081.1841
34606,34946,34556,34755,"2021-01-24T15:00:00+00:00",1611500400000,88565.43
34330,34805,34152,34606,"2021-01-24T16:00:00+00:00",1611504000000,186574.642
34481,34572,34233,34330,"2021-01-24T17:00:00+00:00",1611507600000,54316.1153
34437,34549,34382,34481,"2021-01-24T18:00:00+00:00",1611511200000,40461.2427
33770,34480,33364,34432,"2021-01-24T19:00:00+00:00",1611514800000,318665.2142
34205,34288,33724,33770,"2021-01-24T20:00:00+00:00",1611518400000,25224.5688
34505,34578,34151,34205,"2021-01-24T21:00:00+00:00",1611522000000,101729.0477
34749,34901,34202,34505,"2021-01-24T22:00:00+00:00",1611525600000,22348.4927
34941,35051,34662,34749,"2021-01-24T23:00:00+00:00",1611529200000,28247.7493
35477,35713,34889,34941,"2021-01-25T00:00:00+00:00",1611532800000,68323.2789
35791,35928,35318,35477,"2021-01-25T01:00:00+00:00",1611536400000,87673.4684
35775,36006,35643,35791,"2021-01-25T02:00:00+00:00",1611540000000,22575.6734
36729,36831,35591,35775,"2021-01-25T03:00:00+00:00",1611543600000,29019.05
36561,36972,36489,36729,"2021-01-25T04:00:00+00:00",1611547200000,29484.4689
36516,36670,36373,36561,"2021-01-25T05:00:00+00:00",1611550800000,63983.8426
36685,36789,36347,36516,"2021-01-25T06:00:00+00:00",1611554400000,26061.5709
36549,36769,36275,36685,"2021-01-25T07:00:00+00:00",1611558000000,4633.9255
36595,36652,36329,36549,"2021-01-25T08:00:00+00:00",1611561600000,31705.6236
36054,36724,35971,36595,"2021-01-25T09:00:00+00:00",1611565200000,26979.1017
36233,36262,35816,36054,"2021-01-25T10:00:00+00:00",1611568800000,159529.6272
36304,36474,36160,36233,"2021-01-25T11:00:00+00:00",1611572400000,19754.7776
37552,37693,36165,36310,"2021-01-25T12:00:00+00:00",1611576000000,35185.4597
37928,38096,37552,37552,"2021-01-25T13:00:00+00:00",1611579600000,138097.1737
37847,38255,37744,37928,"2021-01-25T14:00:00+00:00",1611583200000,43275.2423
37856,37986,37628,37847,"2021-01-25T15:00:00+00:00",1611586800000,12247.7624
37159,38018,36931,37856,"2021-01-25T16:00:00+00:00",1611590400000,113112.5329
37048,37523,36945,37159,"2021-01-25T17:00:00+00:00",1611594000000,3346.1
36937,37256,36704,37048,"2021-01-25T18:00:00+00:00",1611597600000,16818.19
36544,36976,36513,36879,"2021-01-25T19:00:00+00:00",1611601200000,26252.1685
36549,36566,36167,36544,"2021-01-25T20:00:00+00:00",1611604800000,65896.5481
35627,36566,35096,36549,"2021-01-25T21:00:00+00:00",1611608400000,365348.934
35199,35627,34681,35627,"2021-01-25T22:00:00+00:00",1611612000000,139917.1846
35041,35464,34946,35199,"2021-01-25T23:00:00+00:00",1611615600000,88633.0308
35260,35442,34479,35041,"2021-01-26T00:00:00+00:00",1611619200000,6571.221
35505,35634,34959,35260,"2021-01-26T01:00:00+00:00",1611622800000,7989.2828
35008,35505,34931,35505,"2021-01-26T02:00:00+00:00",1611626400000,52432.8255
33954,35033,33925,35005,"2021-01-26T03:00:00+00:00",1611630000000,130706.5131
34430,34608,33867,33954,"2021-01-26T04:00:00+00:00",1611633600000,50810.1485
34490,34746,34183,34430,"2021-01-26T05:00:00+00:00",1611637200000,100761.8513
33862,34515,33632,34490,"2021-01-26T06:00:00+00:00",1611640800000,73979.8784
33915,34006,33372,33862,"2021-01-26T07:00:00+00:00",1611644400000,34271.1599
34187,34263,33814,33915,"2021-01-26T08:00:00+00:00",1611648000000,31797.2029
34042,34390,33588,34187,"2021-01-26T09:00:00+00:00",1611651600000,136424.1974
34628,34792,34020,34042,"2021-01-26T10:00:00+00:00",1611655200000,103294.4826
34080,34660,33993,34628,"2021-01-26T11:00:00+00:00",1611658800000,630146.2461
33527,34357,33455,34080,"2021-01-26T12:00:00+00:00",1611662400000,205626.3953
33972,34150,33388,33527,"2021-01-26T13:00:00+00:00",1611666000000,232534.9904
33363,34008,32888,33972,"2021-01-26T14:00:00+00:00",1611669600000,38373.5032
33916,34042,33347,33363,"2021-01-26T15:00:00+00:00",1611673200000,26329.1719
34203,34380,33450,33916,"2021-01-26T16:00:00+00:00",1611676800000,101144.5881
34412,34496,34119,34203,"2021-01-26T17:00:00+00:00",1611680400000,44975.8165
34567,34628,34175,34412,"2021-01-26T18:00:00+00:00",1611684000000,29519.0664
34425,34773,34266,34567,"2021-01-26T19:00:00+00:00",1611687600000,231655.9425
34206,34644,34088,34397,"2021-01-26T20:00:00+00:00",1611691200000,36781.9048
34249,34572,34148,34208,"2021-01-26T21:00:00+00:00",1611694800000,24545.2733
35049,35069,34137,34249,"2021-01-26T22:00:00+00:00",1611698400000,189171.1853
34845,35237,34842,35049,"2021-01-26T23:00:00+00:00",1611702000000,30945.8859
34636,34935,34168,34845,"2021-01-27T00:00:00+00:00",1611705600000,31402.466
34385,34773,34263,34633,"2021-01-27T01:00:00+00:00",1611709200000,50523.4736
34080,34550,34080,34385,"2021-01-27T02:00:00+00:00",1611712800000,62735.0148
34107,34178,33867,34080,"2021-01-27T03:00:00+00:00",1611716400000,721977.3382
34139,34265,33793,34102,"2021-01-27T04:00:00+00:00",1611720000000,125639.2156
33596,34196,33428,34139,"2021-01-27T05:00:00+00:00",1611723600000,261246.6666
33692,33765,33429,33596,"2021-01-27T06:00:00+00:00",1611727200000,205859.7431
33781,33962,33578,33692,"2021-01-27T07:00:00+00:00",1611730800000,372351.5522
33169,33786,33122,33781,"2021-01-27T08:00:00+00:00",1611734400000,156082.7644
33114,33237,32644,33169,"2021-01-27T09:00:00+00:00",1611738000000,82558.7196
33262,33327,32992,33114,"2021-01-27T10:00:00+00:00",1611741600000,41671.0429
32442,33508,32318,33262,"2021-01-27T11:00:00+00:00",1611745200000,214129.684
32570,32670,32087,32442,"2021-01-27T12:00:00+00:00",1611748800000,609258.692
32088,32853,32064,32570,"2021-01-27T13:00:00+00:00",1611752400000,176123.3756
31311,32344,30959,32088,"2021-01-27T14:00:00+00:00",1611756000000,191875.7897
32092,32685,31151,31311,"2021-01-27T15:00:00+00:00",1611759600000,297986.2948
32448,32854,32017,32092,"2021-01-27T16:00:00+00:00",1611763200000,90478.8455
32386,32756,32007,32448,"2021-01-27T17:00:00+00:00",1611766800000,236231.2748
31522,32416,31301,32386,"2021-01-27T18:00:00+00:00",1611770400000,213067.9087
32610,32794,31522,31526,"2021-01-27T19:00:00+00:00",1611774000000,257027.5238
33373,33471,32366,32610,"2021-01-27T20:00:00+00:00",1611777600000,274905.9774
32842,33500,32621,33373,"2021-01-27T21:00:00+00:00",1611781200000,63815.0518
32370,32927,32183,32842,"2021-01-27T22:00:00+00:00",1611784800000,34478.3578
32164,32543,31892,32370,"2021-01-27T23:00:00+00:00",1611788400000,53967.7373
32450,32518,31609,32164,"2021-01-28T00:00:00+00:00",1611792000000,61821.0755
32692,32740,32214,32450,"2021-01-28T01:00:00+00:00",1611795600000,16994.0729
32843,33061,32659,32692,"2021-01-28T02:00:00+00:00",1611799200000,79907.4238
33369,33426,32753,32843,"2021-01-28T03:00:00+00:00",1611802800000,22479.4369
33211,33506,32968,33369,"2021-01-28T04:00:00+00:00",1611806400000,19991.7286
33700,33742,32967,33211,"2021-01-28T05:00:00+00:00",1611810000000,42276.9675
33642,33898,33585,33700,"2021-01-28T06:00:00+00:00",1611813600000,41109.8012
33151,33642,33087,33642,"2021-01-28T07:00:00+00:00",1611817200000,288120.4804
32997,33256,32964,33151,"2021-01-28T08:00:00+00:00",1611820800000,17473.6377
33439,33452,32727,32997,"2021-01-28T09:00:00+00:00",1611824400000,53414.7413
33458,33550,32978,33439,"2021-01-28T10:00:00+00:00",1611828000000,42084.6184
33398,33600,33148,33458,"2021-01-28T11:00:00+00:00",1611831600000,34964.0297
33447,33724,33275,33398,"2021-01-28T12:00:00+00:00",1611835200000,14867.2438
33870,33915,33139,33447,"2021-01-28T13:00:00+00:00",1611838800000,63547.3183
34012,34326,33728,33870,"2021-01-28T14:00:00+00:00",1611842400000,222040.4886
34115,34387,33850,34012,"2021-01-28T15:00:00+00:00",1611846000000,6639.5688
34647,34655,33769,34115,"2021-01-28T16:00:00+00:00",1611849600000,23675.0631
34492,34690,34377,34647,"2021-01-28T17:00:00+00:00",1611853200000,25351.6602
34909,34912,34299,34492,"2021-01-28T18:00:00+00:00",1611856800000,7329.4568
34789,34999,34701,34909,"2021-01-28T19:00:00+00:00",1611860400000,80464.0396
34797,35144,34664,34789,"2021-01-28T20:00:00+00:00",1611864000000,148592.2664
35459,35528,34766,34797,"2021-01-28T21:00:00+00:00",1611867600000,220039.5227
35692,35722,35411,35459,"2021-01-28T22:00:00+00:00",1611871200000,121064.6537
35646,35998,35335,35692,"2021-01-28T23:00:00+00:00",1611874800000,176764.6343
36616,36752,35623,35646,"2021-01-29T00:00:00+00:00",1611878400000,328731.794
36409,36787,36167,36616,"2021-01-29T01:00:00+00:00",1611882000000,84605.6347
36418,36684,36259,36409,"2021-01-29T02:00:00+00:00",1611885600000,88707.9068
36217,36567,35992,36418,"2021-01-29T03:00:00+00:00",1611889200000,123116.933
35652,36439,35376,36217,"2021-01-29T04:00:00+00:00",1611892800000,153998.1127
35589,35735,35321,35652,"2021-01-29T05:00:00+00:00",1611896400000,187212.3068
34969,35592,34841,35589,"2021-01-29T06:00:00+00:00",1611900000000,220875.3472
34704,35124,34421,34959,"2021-01-29T07:00:00+00:00",1611903600000,108990.8735
39722,39810,34441,34704,"2021-01-29T08:00:00+00:00",1611907200000,1324416.6857
40811,41779,38183,39722,"2021-01-29T09:00:00+00:00",1611910800000,5229660.294
40392,41078,39196,40811,"2021-01-29T10:00:00+00:00",1611914400000,970907.2252
41051,41689,40134,40392,"2021-01-29T11:00:00+00:00",1611918000000,1036312.1749
41971,41997,40568,41051,"2021-01-29T12:00:00+00:00",1611921600000,136937.6694
42660,42926,41234,41946,"2021-01-29T13:00:00+00:00",1611925200000,304131.3788
41129,42830,40593,42748,"2021-01-29T14:00:00+00:00",1611928800000,327753.1699
41054,41589,40726,41129,"2021-01-29T15:00:00+00:00",1611932400000,166325.9707
39727,41452,39568,41054,"2021-01-29T16:00:00+00:00",1611936000000,569356.7381
39356,40143,39225,39727,"2021-01-29T17:00:00+00:00",1611939600000,169234.2357
38624,39683,38041,39356,"2021-01-29T18:00:00+00:00",1611943200000,218993.349
37693,38768,36822,38624,"2021-01-29T19:00:00+00:00",1611946800000,450216.8951
37896,38268,37231,37693,"2021-01-29T20:00:00+00:00",1611950400000,741706.6053
37991,38157,37433,37896,"2021-01-29T21:00:00+00:00",1611954000000,100765.7103
37789,38682,37551,37991,"2021-01-29T22:00:00+00:00",1611957600000,38433.1614
37553,37964,37021,37789,"2021-01-29T23:00:00+00:00",1611961200000,84674.6668
37532,38226,37520,37553,"2021-01-30T00:00:00+00:00",1611964800000,131953.5032
37204,38313,37034,37532,"2021-01-30T01:00:00+00:00",1611968400000,88688.7382
36833,37481,36694,37204,"2021-01-30T02:00:00+00:00",1611972000000,67334.1442
35845,36916,35496,36833,"2021-01-30T03:00:00+00:00",1611975600000,203577.4564
36178,36293,35791,35845,"2021-01-30T04:00:00+00:00",1611979200000,225581.3797
36150,36592,35795,36178,"2021-01-30T05:00:00+00:00",1611982800000,80037.0611
36533,36554,35786,36150,"2021-01-30T06:00:00+00:00",1611986400000,86361.192
36764,36939,36102,36533,"2021-01-30T07:00:00+00:00",1611990000000,63311.6707
36579,37155,36507,36768,"2021-01-30T08:00:00+00:00",1611993600000,193674.7446
37003,37136,36531,36579,"2021-01-30T09:00:00+00:00",1611997200000,320524.6288
37036,37168,36529,37003,"2021-01-30T10:00:00+00:00",1612000800000,63539.6622
36274,37036,36083,37036,"2021-01-30T11:00:00+00:00",1612004400000,51850.7777
36368,36472,36110,36259,"2021-01-30T12:00:00+00:00",1612008000000,36017.3831
36938,37042,36303,36368,"2021-01-30T13:00:00+00:00",1612011600000,32821.3901
36914,37116,36707,36938,"2021-01-30T14:00:00+00:00",1612015200000,10087.9539
37026,37333,36773,36914,"2021-01-30T15:00:00+00:00",1612018800000,18456.0953
36625,37026,36191,37026,"2021-01-30T16:00:00+00:00",1612022400000,79641.3434
36996,37087,36625,36626,"2021-01-30T17:00:00+00:00",1612026000000,31665.3452
37156,37162,36888,36996,"2021-01-30T18:00:00+00:00",1612029600000,8043.2651
37104,37226,36853,37156,"2021-01-30T19:00:00+00:00",1612033200000,35373.7511
37056,37324,36984,37104,"2021-01-30T20:00:00+00:00",1612036800000,18977.823
37645,37679,36883,37056,"2021-01-30T21:00:00+00:00",1612040400000,9401.1089
37530,37751,37490,37645,"2021-01-30T22:00:00+00:00",1612044000000,5757.8256
37156,37540,37073,37530,"2021-01-30T23:00:00+00:00",1612047600000,27838.3578
36909,37206,36703,37156,"2021-01-31T00:00:00+00:00",1612051200000,16604.3157
37004,37082,36769,36909,"2021-01-31T01:00:00+00:00",1612054800000,15047.299
36566,37106,36493,37004,"2021-01-31T02:00:00+00:00",1612058400000,2948.9782
36763,36884,36464,36566,"2021-01-31T03:00:00+00:00",1612062000000,0
36867,36962,36601,36763,"2021-01-31T04:00:00+00:00",1612065600000,125853.1729
36571,36883,36503,36867,"2021-01-31T05:00:00+00:00",1612069200000,9955.0838
36455,36636,36352,36571,"2021-01-31T06:00:00+00:00",1612072800000,38755.2921
36375,36672,36212,36455,"2021-01-31T07:00:00+00:00",1612076400000,28910.2519
36296,36608,36071,36358,"2021-01-31T08:00:00+00:00",1612080000000,190252.7146
35964,36483,35956,36296,"2021-01-31T09:00:00+00:00",1612083600000,41105.1933
36330,36473,35899,35964,"2021-01-31T10:00:00+00:00",1612087200000,21558.7941
36311,36513,36223,36330,"2021-01-31T11:00:00+00:00",1612090800000,17204.9001
36817,37131,36097,36311,"2021-01-31T12:00:00+00:00",1612094400000,93166.1948
36447,36893,36389,36817,"2021-01-31T13:00:00+00:00",1612098000000,35696.3924
36029,36497,36017,36447,"2021-01-31T14:00:00+00:00",1612101600000,107930.2226
35420,36112,34967,36028,"2021-01-31T15:00:00+00:00",1612105200000,235771.0204
35435,35588,35206,35395,"2021-01-31T16:00:00+00:00",1612108800000,38460.0632
34663,35586,34556,35435,"2021-01-31T17:00:00+00:00",1612112400000,176742.3487
34925,35268,34556,34668,"2021-01-31T18:00:00+00:00",1612116000000,75161.1178
35228,35348,34837,34925,"2021-01-31T19:00:00+00:00",1612119600000,105778.043
35301,35356,34898,35228,"2021-01-31T20:00:00+00:00",1612123200000,14658.9078
35029,35316,34978,35301,"2021-01-31T21:00:00+00:00",1612126800000,1412.3064
35404,35536,35029,35029,"2021-01-31T22:00:00+00:00",1612130400000,1646.989
35622,35793,35323,35404,"2021-01-31T23:00:00+00:00",1612134000000,48646.569
35034,35653,34763,35622,"2021-02-01T00:00:00+00:00",1612137600000,65324.1742
36046,36150,34979,35034,"2021-02-01T01:00:00+00:00",1612141200000,40151.5831
36377,36606,35878,36046,"2021-02-01T02:00:00+00:00",1612144800000,65252.738
36367,36532,36244,36377,"2021-02-01T03:00:00+00:00",1612148400000,81178.026
36407,36764,36208,36367,"2021-02-01T04:00:00+00:00",1612152000000,106990.2374
36674,36780,36286,36407,"2021-02-01T05:00:00+00:00",1612155600000,33773.7647
36390,37457,36168,36674,"2021-02-01T06:00:00+00:00",1612159200000,848313.837
36774,36819,36318,36390,"2021-02-01T07:00:00+00:00",1612162800000,272462.3494
37537,37600,36546,36774,"2021-02-01T08:00:00+00:00",1612166400000,34927.7579
37493,37887,37427,37537,"2021-02-01T09:00:00+00:00",1612170000000,447499.0124
37301,37722,37167,37493,"2021-02-01T10:00:00+00:00",1612173600000,25293.4946
37359,37606,37095,37301,"2021-02-01T11:00:00+00:00",1612177200000,9509.9544
36890,37623,36681,37359,"2021-02-01T12:00:00+00:00",1612180800000,133582.1819
36759,37116,36720,36890,"2021-02-01T13:00:00+00:00",1612184400000,14717.1305
36497,36883,36380,36759,"2021-02-01T14:00:00+00:00",1612188000000,26103.2089
35955,36518,35930,36497,"2021-02-01T15:00:00+00:00",1612191600000,256397.0167
36257,36432,35939,35955,"2021-02-01T16:00:00+00:00",1612195200000,3605.5093
36899,36989,36149,36257,"2021-02-01T17:00:00+00:00",1612198800000,2899.3388
36605,36956,36551,36895,"2021-02-01T18:00:00+00:00",1612202400000,660.16
36710,36997,36573,36605,"2021-02-01T19:00:00+00:00",1612206000000,11918.8065
36687,36918,36602,36710,"2021-02-01T20:00:00+00:00",1612209600000,17175.5692
36480,36712,36390,36687,"2021-02-01T21:00:00+00:00",1612213200000,8812.4602
36376,36642,36365,36480,"2021-02-01T22:00:00+00:00",1612216800000,7190.2177
36366,36621,36273,36376,"2021-02-01T23:00:00+00:00",1612220400000,8551.5292
36785,37184,36275,36366,"2021-02-02T00:00:00+00:00",1612224000000,26924.9196
36717,36820,36471,36785,"2021-02-02T01:00:00+00:00",1612227600000,10475.898
36763,36956,36594,36717,"2021-02-02T02:00:00+00:00",1612231200000,5064.0335
36606,36763,36543,36763,"2021-02-02T03:00:00+00:00",1612234800000,4640.5588
36956,37032,36509,36598,"2021-02-02T04:00:00+00:00",1612238400000,8421.1343
37131,37210,36854,36956,"2021-02-02T05:00:00+00:00",1612242000000,11487.1259
37202,37203,37046,37131,"2021-02-02T06:00:00+00:00",1612245600000,348690.9916
37519,37631,37202,37202,"2021-02-02T07:00:00+00:00",1612249200000,497623.3142
38058,38061,37377,37519,"2021-02-02T08:00:00+00:00",1612252800000,34614.7396
38992,39251,38058,38058,"2021-02-02T09:00:00+00:00",1612256400000,91894.0042
38817,39057,38598,38992,"2021-02-02T10:00:00+00:00",1612260000000,187669.3699
38362,38953,38291,38817,"2021-02-02T11:00:00+00:00",1612263600000,37023.0166
38435,38658,38192,38362,"2021-02-02T12:00:00+00:00",1612267200000,82560.6276
38475,38929,38386,38435,"2021-02-02T13:00:00+00:00",1612270800000,2195550.5227
38193,38520,37852,38475,"2021-02-02T14:00:00+00:00",1612274400000,753635.8741
38020,38698,37900,38193,"2021-02-02T15:00:00+00:00",1612278000000,293309.2004
38412,38581,37843,38020,"2021-02-02T16:00:00+00:00",1612281600000,41503.1887
38240,38453,38122,38412,"2021-02-02T17:00:00+00:00",1612285200000,5361.2613
38704,38742,38164,38240,"2021-02-02T18:00:00+00:00",1612288800000,107549.1099
39291,39440,38603,38704,"2021-02-02T19:00:00+00:00",1612292400000,535459.2217
39336,39517,39103,39291,"2021-02-02T20:00:00+00:00",1612296000000,331538.6437
39238,39496,39145,39336,"2021-02-02T21:00:00+00:00",1612299600000,202665.5915
39132,39378,39118,39238,"2021-02-02T22:00:00+00:00",1612303200000,74252.2169
39011,39280,39011,39132,"2021-02-02T23:00:00+00:00",1612306800000,23341.166
39877,39939,38909,39011,"2021-02-03T00:00:00+00:00",1612310400000,207105.4243
39622,40080,39542,39877,"2021-02-03T01:00:00+00:00",1612314000000,82355.9987
39694,39905,39586,39622,"2021-02-03T02:00:00+00:00",1612317600000,22417.6253
40270,40329,39676,39694,"2021-02-03T03:00:00+00:00",1612321200000,15153.3703
40480,40796,40270,40270,"2021-02-03T04:00:00+00:00",1612324800000,51116.5843
40264,40505,40190,40480,"2021-02-03T05:00:00+00:00",1612328400000,16840.9889
40392,40621,40260,40264,"2021-02-03T06:00:00+00:00",1612332000000,113985.2517
40166,40406,40130,40392,"2021-02-03T07:00:00+00:00",1612335600000,102515.3331
39881,40166,39539,40166,"2021-02-03T08:00:00+00:00",1612339200000,517890.104
39710,39911,39364,39881,"2021-02-03T09:00:00+00:00",1612342800000,2652542.7866
39882,39939,39474,39710,"2021-02-03T10:00:00+00:00",1612346400000,4667.5343
39917,40176,39786,39882,"2021-02-03T11:00:00+00:00",1612350000000,40226.5282
40188,40277,39724,39917,"2021-02-03T12:00:00+00:00",1612353600000,308029.6857
40660,40839,39962,40188,"2021-02-03T13:00:00+00:00",1612357200000,47604.1588
40623,40881,40459,40660,"2021-02-03T14:00:00+00:00",1612360800000,693465.7225
41016,41072,40584,40623,"2021-02-03T15:00:00+00:00",1612364400000,417328.2274
41209,41279,40652,41016,"2021-02-03T16:00:00+00:00",1612368000000,236915.9532
41205,41235,41042,41209,"2021-02-03T17:00:00+00:00",1612371600000,203874.517
41190,41292,40779,41210,"2021-02-03T18:00:00+00:00",1612375200000,920213.4491
40830,41213,40822,41190,"2021-02-03T19:00:00+00:00",1612378800000,61730.9859
40894,40941,40670,40829,"2021-02-03T20:00:00+00:00",1612382400000,63970.6447
41171,41366,40849,40894,"2021-02-03T21:00:00+00:00",1612386000000,414199.1628
41140,41465,41125,41171,"2021-02-03T22:00:00+00:00",1612389600000,189797.4597
41532,41591,41140,41140,"2021-02-03T23:00:00+00:00",1612393200000,232493.7877
42103,42227,41432,41532,"2021-02-04T00:00:00+00:00",1612396800000,138551.7733
42249,42490,41884,42104,"2021-02-04T01:00:00+00:00",1612400400000,257803.497
41872,42326,41514,42249,"2021-02-04T02:00:00+00:00",1612404000000,43174.1519
41425,42033,41277,41871,"2021-02-04T03:00:00+00:00",1612407600000,63229.6495
41669,41747,41288,41425,"2021-02-04T04:00:00+00:00",1612411200000,206950.3484
41497,41918,41429,41669,"2021-02-04T05:00:00+00:00",1612414800000,38579.2624
42104,42214,41464,41497,"2021-02-04T06:00:00+00:00",1612418400000,5945.579
41863,42213,41799,42110,"2021-02-04T07:00:00+00:00",1612422000000,6524.4686
41349,42967,41011,41863,"2021-02-04T08:00:00+00:00",1612425600000,137769.2523
41561,41639,40747,41349,"2021-02-04T09:00:00+00:00",1612429200000,54292.8511
41623,41748,41090,41561,"2021-02-04T10:00:00+00:00",1612432800000,12045.7905
41268,41927,41265,41623,"2021-02-04T11:00:00+00:00",1612436400000,17433.0987
41667,41776,40971,41268,"2021-02-04T12:00:00+00:00",1612440000000,116679.5553
41626,41692,41245,41667,"2021-02-04T13:00:00+00:00",1612443600000,59996.7084
40632,41729,40464,41626,"2021-02-04T14:00:00+00:00",1612447200000,41040.5537
40390,40766,39957,40632,"2021-02-04T15:00:00+00:00",1612450800000,248022.8929
40743,40770,40194,40390,"2021-02-04T16:00:00+00:00",1612454400000,31887.1027
40681,40859,40598,40738,"2021-02-04T17:00:00+00:00",1612458000000,17933.6881
40977,41260,40564,40681,"2021-02-04T18:00:00+00:00",1612461600000,27166.79
41355,41406,40793,40977,"2021-02-04T19:00:00+00:00",1612465200000,13843.2367
41514,41711,41256,41356,"2021-02-04T20:00:00+00:00",1612468800000,106489.6243
41529,41657,41209,41514,"2021-02-04T21:00:00+00:00",1612472400000,24182.7323
41136,41577,40853,41529,"2021-02-04T22:00:00+00:00",1612476000000,67919.5538
40726,41275,40689,41136,"2021-02-04T23:00:00+00:00",1612479600000,34913.6672
40795,41057,40625,40726,"2021-02-05T00:00:00+00:00",1612483200000,125294.8476
40345,41137,40328,40795,"2021-02-05T01:00:00+00:00",1612486800000,48988.0082
40735,40771,40340,40345,"2021-02-05T02:00:00+00:00",1612490400000,64795.9924
41279,41316,40690,40735,"2021-02-05T03:00:00+00:00",1612494000000,41694.7662
41231,41440,41134,41282,"2021-02-05T04:00:00+00:00",1612497600000,3990.2424
40991,41286,40922,41231,"2021-02-05T05:00:00+00:00",1612501200000,4650.2934
41407,41702,40962,40991,"2021-02-05T06:00:00+00:00",1612504800000,42389.5072
41786,41843,41407,41407,"2021-02-05T07:00:00+00:00",1612508400000,28578.4572
41878,42026,41581,41786,"2021-02-05T08:00:00+00:00",1612512000000,183246.1877
41379,41970,41309,41878,"2021-02-05T09:00:00+00:00",1612515600000,26404.46
41529,41815,41299,41379,"2021-02-05T10:00:00+00:00",1612519200000,58492.9219
41803,41867,41529,41529,"2021-02-05T11:00:00+00:00",1612522800000,2919.6409
42035,42380,41657,41803,"2021-02-05T12:00:00+00:00",1612526400000,141155.6609
42540,42577,41903,42035,"2021-02-05T13:00:00+00:00",1612530000000,62520.9062
42355,42568,42277,42540,"2021-02-05T14:00:00+00:00",1612533600000,2121934.2118
42271,42602,42131,42355,"2021-02-05T15:00:00+00:00",1612537200000,21964.8634
41967,42472,41828,42271,"2021-02-05T16:00:00+00:00",1612540800000,25122.0161
42022,42116,41828,41967,"2021-02-05T17:00:00+00:00",1612544400000,9540.6228
41452,42028,41450,42022,"2021-02-05T18:00:00+00:00",1612548000000,45215.8848
41671,41697,41276,41452,"2021-02-05T19:00:00+00:00",1612551600000,19562.9855
41775,41837,41536,41671,"2021-02-05T20:00:00+00:00",1612555200000,14914.8257
41821,41985,41708,41775,"2021-02-05T21:00:00+00:00",1612558800000,16369.2972
41744,41947,41636,41821,"2021-02-05T22:00:00+00:00",1612562400000,16755.5047
42248,42307,41709,41740,"2021-02-05T23:00:00+00:00",1612566000000,159925.6816
42953,43088,42211,42248,"2021-02-06T00:00:00+00:00",1612569600000,152493.3907
42972,43852,42321,42953,"2021-02-06T01:00:00+00:00",1612573200000,158930.112
43733,43808,42803,42972,"2021-02-06T02:00:00+00:00",1612576800000,18094.831
43762,44116,43574,43739,"2021-02-06T03:00:00+00:00",1612580400000,48540.166
43543,43762,43283,43762,"2021-02-06T04:00:00+00:00",1612584000000,32243.4459
43361,43662,43031,43543,"2021-02-06T05:00:00+00:00",1612587600000,9743.3033
43660,43810,43354,43361,"2021-02-06T06:00:00+00:00",1612591200000,626016.9284
43763,43893,43512,43660,"2021-02-06T07:00:00+00:00",1612594800000,825547.9643
43991,44218,43746,43763,"2021-02-06T08:00:00+00:00",1612598400000,319709.018
44497,44558,43970,43995,"2021-02-06T09:00:00+00:00",1612602000000,69350.3718
44779,44826,44151,44502,"2021-02-06T10:00:00+00:00",1612605600000,161066.3948
44931,45194,44772,44779,"2021-02-06T11:00:00+00:00",1612609200000,218083.5886
44639,45182,44639,44931,"2021-02-06T12:00:00+00:00",1612612800000,516525.553
44954,45062,44639,44639,"2021-02-06T13:00:00+00:00",1612616400000,17265.4703
44957,45406,44946,44954,"2021-02-06T14:00:00+00:00",1612620000000,31446.6688
45471,45483,44859,44957,"2021-02-06T15:00:00+00:00",1612623600000,186946.5635
45124,45544,45017,45471,"2021-02-06T16:00:00+00:00",1612627200000,246809.7679
44653,45283,44607,45129,"2021-02-06T17:00:00+00:00",1612630800000,24594.1883
44750,44922,44499,44653,"2021-02-06T18:00:00+00:00",1612634400000,175252.6385
44779,44954,44480,44754,"2021-02-06T19:00:00+00:00",1612638000000,62709.9172
44671,44779,44138,44764,"2021-02-06T20:00:00+00:00",1612641600000,64479.2509
44724,44895,44629,44671,"2021-02-06T21:00:00+00:00",1612645200000,32884.229
44778,45294,44603,44724,"2021-02-06T22:00:00+00:00",1612648800000,278997.4785
43789,44778,43664,44778,"2021-02-06T23:00:00+00:00",1612652400000,81328.5001
44217,44256,43327,43789,"2021-02-07T00:00:00+00:00",1612656000000,162507.2583
43110,44249,43000,44217,"2021-02-07T01:00:00+00:00",1612659600000,91876.9752
43132,43278,42752,43110,"2021-02-07T02:00:00+00:00",1612663200000,210398.9262
43157,43314,42937,43132,"2021-02-07T03:00:00+00:00",1612666800000,44290.3525
42501,43169,42117,43157,"2021-02-07T04:00:00+00:00",1612670400000,45829.9128
42744,42893,42316,42501,"2021-02-07T05:00:00+00:00",1612674000000,19725.2668
42713,42887,42439,42744,"2021-02-07T06:00:00+00:00",1612677600000,30461.3753
43222,43276,42567,42713,"2021-02-07T07:00:00+00:00",1612681200000,271541.8214
43653,43732,43217,43222,"2021-02-07T08:00:00+00:00",1612684800000,20935.93
43750,43913,43488,43653,"2021-02-07T09:00:00+00:00",1612688400000,21055.291
43499,43857,43368,43750,"2021-02-07T10:00:00+00:00",1612692000000,235344.0196
43130,43544,42831,43499,"2021-02-07T11:00:00+00:00",1612695600000,374645.6301
42793,43362,42533,43130,"2021-02-07T12:00:00+00:00",1612699200000,25107.7268
42583,43161,42310,42793,"2021-02-07T13:00:00+00:00",1612702800000,43380.5243
41945,42595,41914,42583,"2021-02-07T14:00:00+00:00",1612706400000,95447.0919
41505,42099,41120,41945,"2021-02-07T15:00:00+00:00",1612710000000,258988.3891
41767,41971,40846,41505,"2021-02-07T16:00:00+00:00",1612713600000,293998.2984
41403,41817,41250,41767,"2021-02-07T17:00:00+00:00",1612717200000,104459.5749
41818,41949,41403,41403,"2021-02-07T18:00:00+00:00",1612720800000,29837.6466
41625,42030,41555,41818,"2021-02-07T19:00:00+00:00",1612724400000,60079.4713
42074,42105,41224,41625,"2021-02-07T20:00:00+00:00",1612728000000,197239.0837
42197,42292,41988,42074,"2021-02-07T21:00:00+00:00",1612731600000,102923.5714
42489,42522,41971,42197,"2021-02-07T22:00:00+00:00",1612735200000,25959.7159
42590,42902,42445,42489,"2021-02-07T23:00:00+00:00",1612738800000,76347.0996
42486,42917,42420,42590,"2021-02-08T00:00:00+00:00",1612742400000,46438.3842
42240,42645,42159,42486,"2021-02-08T01:00:00+00:00",1612746000000,56259.6987
41906,42360,41813,42236,"2021-02-08T02:00:00+00:00",1612749600000,18959.5027
41726,42209,41702,41906,"2021-02-08T03:00:00+00:00",1612753200000,43266.4407
42449,42514,41554,41726,"2021-02-08T04:00:00+00:00",1612756800000,62580.6624
42609,42777,42283,42449,"2021-02-08T05:00:00+00:00",1612760400000,5713.37
43074,43268,42540,42609,"2021-02-08T06:00:00+00:00",1612764000000,44208.605
43396,43514,42955,43074,"2021-02-08T07:00:00+00:00",1612767600000,6872.048
43255,43475,43150,43396,"2021-02-08T08:00:00+00:00",1612771200000,16335.9268
43011,43463,42936,43255,"2021-02-08T09:00:00+00:00",1612774800000,5586.9525
43628,43639,42898,43011,"2021-02-08T10:00:00+00:00",1612778400000,44910.9611
43638,43720,43551,43628,"2021-02-08T11:00:00+00:00",1612782000000,39093.1688
49305,49816,43324,43638,"2021-02-08T12:00:00+00:00",1612785600000,2979442.3645
48134,50381,47692,49396,"2021-02-08T13:00:00+00:00",1612789200000,3682538.5034
48861,49323,48095,48162,"2021-02-08T14:00:00+00:00",1612792800000,933113.9387
49288,49756,48695,48861,"2021-02-08T15:00:00+00:00",1612796400000,678496.1638
48500,49863,48424,49288,"2021-02-08T16:00:00+00:00",1612800000000,112310.0093
48479,48738,47848,48500,"2021-02-08T17:00:00+00:00",1612803600000,37931.9411
48045,48829,47868,48479,"2021-02-08T18:00:00+00:00",1612807200000,155180.1283
48320,48485,47925,48045,"2021-02-08T19:00:00+00:00",1612810800000,50640.2068
49569,49928,48155,48320,"2021-02-08T20:00:00+00:00",1612814400000,368611.4328
50284,50368,49374,49575,"2021-02-08T21:00:00+00:00",1612818000000,375056.5941
50341,50671,49868,50284,"2021-02-08T22:00:00+00:00",1612821600000,332948.93
52195,52755,50275,50341,"2021-02-08T23:00:00+00:00",1612825200000,1130081.6916
52637,53681,52171,52195,"2021-02-09T00:00:00+00:00",1612828800000,293274.5338
52089,52637,51596,52637,"2021-02-09T01:00:00+00:00",1612832400000,215181.7984
51590,52355,51470,52095,"2021-02-09T02:00:00+00:00",1612836000000,46695.99
52544,52666,51398,51590,"2021-02-09T03:00:00+00:00",1612839600000,45567.0071
53034,53129,52233,52544,"2021-02-09T04:00:00+00:00",1612843200000,402510.53
53172,53505,52594,53034,"2021-02-09T05:00:00+00:00",1612846800000,150982.2113
54606,54668,52823,53172,"2021-02-09T06:00:00+00:00",1612850400000,900042.8333
53927,54677,53837,54638,"2021-02-09T07:00:00+00:00",1612854000000,34189.1936
53478,54373,53089,53927,"2021-02-09T08:00:00+00:00",1612857600000,362400.6173
52818,53545,52286,53478,"2021-02-09T09:00:00+00:00",1612861200000,75743.3758
51793,52923,51718,52828,"2021-02-09T10:00:00+00:00",1612864800000,93325.0919
52721,52931,51777,51793,"2021-02-09T11:00:00+00:00",1612868400000,585378.5374
51348,53162,51153,52721,"2021-02-09T12:00:00+00:00",1612872000000,293979.2834
52380,52451,50974,51348,"2021-02-09T13:00:00+00:00",1612875600000,77822.132
52709,52886,52152,52380,"2021-02-09T14:00:00+00:00",1612879200000,1016243.1558
52801,53160,52326,52708,"2021-02-09T15:00:00+00:00",1612882800000,11066.4186
52499,53213,52022,52801,"2021-02-09T16:00:00+00:00",1612886400000,190852.0831
52409,52976,52160,52499,"2021-02-09T17:00:00+00:00",1612890000000,319024.5033
53096,53506,52222,52409,"2021-02-09T18:00:00+00:00",1612893600000,119857.1716
53021,53293,52721,53096,"2021-02-09T19:00:00+00:00",1612897200000,1328.3267
53050,53477,52616,53021,"2021-02-09T20:00:00+00:00",1612900800000,346174.8195
53166,53416,52937,53044,"2021-02-09T21:00:00+00:00",1612904400000,424564.3383
52651,53166,52310,53166,"2021-02-09T22:00:00+00:00",1612908000000,8757.4311
52281,52674,51970,52651,"2021-02-09T23:00:00+00:00",1612911600000,2091.4532
52404,52709,51746,52281,"2021-02-10T00:00:00+00:00",1612915200000,23141.7821
52173,52421,51844,52404,"2021-02-10T01:00:00+00:00",1612918800000,252409.9538
52326,52957,52170,52173,"2021-02-10T02:00:00+00:00",1612922400000,660727.4176
52218,52825,52146,52326,"2021-02-10T03:00:00+00:00",1612926000000,18605.0619
51844,52294,51469,52218,"2021-02-10T04:00:00+00:00",1612929600000,23447.2725
52059,52318,51688,51844,"2021-02-10T05:00:00+00:00",1612933200000,193855.4299
52531,52597,52015,52059,"2021-02-10T06:00:00+00:00",1612936800000,21904.0212
52680,53173,52429,52550,"2021-02-10T07:00:00+00:00",1612940400000,61860.1905
52787,52949,52365,52680,"2021-02-10T08:00:00+00:00",1612944000000,105387.22
52707,53154,52643,52787,"2021-02-10T09:00:00+00:00",1612947600000,118189.2635
52898,53591,52601,52707,"2021-02-10T10:00:00+00:00",1612951200000,487722.24
52725,52905,52473,52898,"2021-02-10T11:00:00+00:00",1612954800000,6550.5775
51395,52725,50199,52593,"2021-02-10T12:00:00+00:00",1612958400000,1816153.8071
51292,51746,50996,51395,"2021-02-10T13:00:00+00:00",1612962000000,46694.0205
50506,51725,50342,51291,"2021-02-10T14:00:00+00:00",1612965600000,219220.1257
49711,50778,49105,50506,"2021-02-10T15:00:00+00:00",1612969200000,155726.003
50224,50312,49192,49711,"2021-02-10T16:00:00+00:00",1612972800000,54931.8167
50204,50362,49764,50224,"2021-02-10T17:00:00+00:00",1612976400000,30988.7841
50318,50454,50044,50204,"2021-02-10T18:00:00+00:00",1612980000000,6741.8926
50537,50562,49676,50318,"2021-02-10T19:00:00+00:00",1612983600000,35864.3771
49810,50591,49724,50537,"2021-02-10T20:00:00+00:00",1612987200000,16903.1783
50337,50388,49611,49810,"2021-02-10T21:00:00+00:00",1612990800000,27513.3273
50600,50678,50149,50337,"2021-02-10T22:00:00+00:00",1612994400000,341581.7764
50174,50763,50088,50600,"2021-02-10T23:00:00+00:00",1612998000000,158358.025
49431,50383,49194,50174,"2021-02-11T00:00:00+00:00",1613001600000,92685.3713
49483,49876,49185,49431,"2021-02-11T01:00:00+00:00",1613005200000,89967.226
50154,50256,49456,49483,"2021-02-11T02:00:00+00:00",1613008800000,29896.1352
50943,51176,50126,50154,"2021-02-11T03:00:00+00:00",1613012400000,23945.7513
49963,51256,49762,50943,"2021-02-11T04:00:00+00:00",1613016000000,162846.1698
49872,50198,49684,49963,"2021-02-11T05:00:00+00:00",1613019600000,90604.5868
49675,50140,49553,49872,"2021-02-11T06:00:00+00:00",1613023200000,13545.2294
49989,50356,49632,49675,"2021-02-11T07:00:00+00:00",1613026800000,722235.1452
50297,50297,49731,49989,"2021-02-11T08:00:00+00:00",1613030400000,22546.9299
50943,51054,50044,50297,"2021-02-11T09:00:00+00:00",1613034000000,15492.2246
51729,51866,50763,50943,"2021-02-11T10:00:00+00:00",1613037600000,96221.5071
51567,52093,51373,51729,"2021-02-11T11:00:00+00:00",1613041200000,118076.6968
52087,52215,51395,51554,"2021-02-11T12:00:00+00:00",1613044800000,65253.3557
53710,54461,52087,52088,"2021-02-11T13:00:00+00:00",1613048400000,414553.0009
54013,54237,53336,53710,"2021-02-11T14:00:00+00:00",1613052000000,17076.6764
54256,54460,53735,54013,"2021-02-11T15:00:00+00:00",1613055600000,22726.4707
53717,54625,53519,54256,"2021-02-11T16:00:00+00:00",1613059200000,916206.7773
53307,54104,52962,53717,"2021-02-11T17:00:00+00:00",1613062800000,575816.856
53702,54078,53281,53307,"2021-02-11T18:00:00+00:00",1613066400000,48710.8137
53923,54241,53562,53702,"2021-02-11T19:00:00+00:00",1613070000000,575.4195
53017,54925,52974,53922,"2021-02-11T20:00:00+00:00",1613073600000,189163.1811
52802,53300,52448,53017,"2021-02-11T21:00:00+00:00",1613077200000,328974.5508
53709,53709,52775,52802,"2021-02-11T22:00:00+00:00",1613080800000,30999.0083
54084,54195,53589,53709,"2021-02-11T23:00:00+00:00",1613084400000,19292.0741
54129,55298,54034,54084,"2021-02-12T00:00:00+00:00",1613088000000,135451.4325
54690,54739,53876,54129,"2021-02-12T01:00:00+00:00",1613091600000,29076.8531
54055,54690,53898,54690,"2021-02-12T02:00:00+00:00",1613095200000,291715.6608
53692,54122,53534,54055,"2021-02-12T03:00:00+00:00",1613098800000,154841.7473
53191,53692,52751,53692,"2021-02-12T04:00:00+00:00",1613102400000,43403.964
53149,53389,52990,53191,"2021-02-12T05:00:00+00:00",1613106000000,5334.1588
53275,53431,52569,53149,"2021-02-12T06:00:00+00:00",1613109600000,3945.539
53289,53436,52737,53275,"2021-02-12T07:00:00+00:00",1613113200000,1690.8931
53042,53667,52994,53289,"2021-02-12T08:00:00+00:00",1613116800000,42673.6
53271,53378,52916,53042,"2021-02-12T09:00:00+00:00",1613120400000,717248.2833
53432,53753,53271,53271,"2021-02-12T10:00:00+00:00",1613124000000,56139.3622
53780,54133,53351,53432,"2021-02-12T11:00:00+00:00",1613127600000,10222.8608
53834,54127,53449,53780,"2021-02-12T12:00:00+00:00",1613131200000,23021.2966
54227,54400,53834,53834,"2021-02-12T13:00:00+00:00",1613134800000,272324.6661
52308,54227,51992,54227,"2021-02-12T14:00:00+00:00",1613138400000,826119.8282
52880,52978,52308,52308,"2021-02-12T15:00:00+00:00",1613142000000,6674.3011
53754,54078,52863,52880,"2021-02-12T16:00:00+00:00",1613145600000,237181.4705
53978,54169,53629,53754,"2021-02-12T17:00:00+00:00",1613149200000,40506.9174
53271,54079,52915,53978,"2021-02-12T18:00:00+00:00",1613152800000,169818.3467
53231,53483,53068,53271,"2021-02-12T19:00:00+00:00",1613156400000,6953.5429
53678,53713,53152,53231,"2021-02-12T20:00:00+00:00",1613160000000,1636.0017
54103,54366,53661,53678,"2021-02-12T21:00:00+00:00",1613163600000,82117.3544
54252,54252,53913,54103,"2021-02-12T22:00:00+00:00",1613167200000,23083.6839
53622,54275,53429,54252,"2021-02-12T23:00:00+00:00",1613170800000,29714.9982
53793,53959,53523,53622,"2021-02-13T00:00:00+00:00",1613174400000,704636.3277
54218,54379,53764,53793,"2021-02-13T01:00:00+00:00",1613178000000,70513.4276
54500,54563,54070,54218,"2021-02-13T02:00:00+00:00",1613181600000,23218.2823
54580,54884,54483,54500,"2021-02-13T03:00:00+00:00",1613185200000,151289.7209
54674,54706,54380,54580,"2021-02-13T04:00:00+00:00",1613188800000,7655.8813
54700,54755,54162,54674,"2021-02-13T05:00:00+00:00",1613192400000,38600.4897
54528,54742,54250,54700,"2021-02-13T06:00:00+00:00",1613196000000,71769.9965
53537,54610,53537,54528,"2021-02-13T07:00:00+00:00",1613199600000,591008.719
53944,54037,53070,53537,"2021-02-13T08:00:00+00:00",1613203200000,146568.7718
53741,54091,53583,53944,"2021-02-13T09:00:00+00:00",1613206800000,21928.863
53000,53751,52966,53741,"2021-02-13T10:00:00+00:00",1613210400000,334548.9961
52413,53097,52104,53000,"2021-02-13T11:00:00+00:00",1613214000000,2798314.2763
52925,53202,52011,52413,"2021-02-13T12:00:00+00:00",1613217600000,259131.4759
53182,53353,52541,52925,"2021-02-13T13:00:00+00:00",1613221200000,73650.9869
53111,53188,52789,53182,"2021-02-13T14:00:00+00:00",1613224800000,25897.1605
53430,53647,53054,53111,"2021-02-13T15:00:00+00:00",1613228400000,313655.4217
53436,53749,53147,53430,"2021-02-13T16:00:00+00:00",1613232000000,14101.8452
52982,53474,52904,53436,"2021-02-13T17:00:00+00:00",1613235600000,12621.3511
52920,53141,52868,52982,"2021-02-13T18:00:00+00:00",1613239200000,49755.2549
52935,53172,52804,52920,"2021-02-13T19:00:00+00:00",1613242800000,55504.4522
53044,53046,52679,52935,"2021-02-13T20:00:00+00:00",1613246400000,5098.2445
53392,53623,52807,53044,"2021-02-13T21:00:00+00:00",1613250000000,6668.8063
53226,53538,53053,53392,"2021-02-13T22:00:00+00:00",1613253600000,3208.6306
53453,53572,53226,53226,"2021-02-13T23:00:00+00:00",1613257200000,7473.3834
53959,54094,53275,53438,"2021-02-14T00:00:00+00:00",1613260800000,38420.525
53993,54168,53796,53959,"2021-02-14T01:00:00+00:00",1613264400000,211789.9321
53943,54175,53830,53993,"2021-02-14T02:00:00+00:00",1613268000000,5107.3058
53753,54028,53694,53943,"2021-02-14T03:00:00+00:00",1613271600000,15437.7967
54071,54182,53718,53753,"2021-02-14T04:00:00+00:00",1613275200000,30727.0277
55999,55999,54023,54071,"2021-02-14T05:00:00+00:00",1613278800000,182954.4872
55993,56584,55732,55999,"2021-02-14T06:00:00+00:00",1613282400000,246463.3188
55994,56421,55723,55993,"2021-02-14T07:00:00+00:00",1613286000000,109893.9591
55958,56338,55647,56003,"2021-02-14T08:00:00+00:00",1613289600000,3626.8981
56416,56498,55860,55958,"2021-02-14T09:00:00+00:00",1613293200000,75765.3017
56502,56733,56334,56416,"2021-02-14T10:00:00+00:00",1613296800000,394299.5602
56643,56673,56270,56502,"2021-02-14T11:00:00+00:00",1613300400000,150682.2222
57091,57465,56612,56643,"2021-02-14T12:00:00+00:00",1613304000000,531040.0681
56124,57226,55984,57091,"2021-02-14T13:00:00+00:00",1613307600000,170170.7387
55955,56368,55571,56124,"2021-02-14T14:00:00+00:00",1613311200000,124735.3761
55488,56223,55138,55955,"2021-02-14T15:00:00+00:00",1613314800000,647460.901
55940,55999,55380,55488,"2021-02-14T16:00:00+00:00",1613318400000,215743.1531
55480,55988,55470,55940,"2021-02-14T17:00:00+00:00",1613322000000,2769.4427
55465,55679,55156,55480,"2021-02-14T18:00:00+00:00",1613325600000,12838.5184
55469,55683,55149,55465,"2021-02-14T19:00:00+00:00",1613329200000,261035.3242
55743,55794,55306,55467,"2021-02-14T20:00:00+00:00",1613332800000,8431.1472
55633,55894,55549,55743,"2021-02-14T21:00:00+00:00",1613336400000,390.4461
55908,56131,55497,55633,"2021-02-14T22:00:00+00:00",1613340000000,22762.3752
55342,55975,55266,55939,"2021-02-14T23:00:00+00:00",1613343600000,72766.3758
55606,55825,55163,55342,"2021-02-15T00:00:00+00:00",1613347200000,30945.2675
54844,55606,54480,55606,"2021-02-15T01:00:00+00:00",1613350800000,1082541.5791
52946,55028,51956,54844,"2021-02-15T02:00:00+00:00",1613354400000,4304658.9884
53336,53497,52709,52946,"2021-02-15T03:00:00+00:00",1613358000000,520070.7638
53102,53375,52442,53341,"2021-02-15T04:00:00+00:00",1613361600000,569365.5138
52862,53255,52495,53102,"2021-02-15T05:00:00+00:00",1613365200000,36145.9246
53117,53318,52827,52862,"2021-02-15T06:00:00+00:00",1613368800000,992150.9595
53566,53666,53070,53117,"2021-02-15T07:00:00+00:00",1613372400000,632609.0653
53897,54079,53415,53566,"2021-02-15T08:00:00+00:00",1613376000000,617197.1124
53670,54022,53463,53897,"2021-02-15T09:00:00+00:00",1613379600000,87596.0888
54016,54016,53409,53672,"2021-02-15T10:00:00+00:00",1613383200000,928415.7466
54088,54306,53802,54016,"2021-02-15T11:00:00+00:00",1613386800000,2201776.6002
54437,54602,53730,54088,"2021-02-15T12:00:00+00:00",1613390400000,34681.4631
54518,54832,54375,54437,"2021-02-15T13:00:00+00:00",1613394000000,185128.8807
53956,54698,53846,54518,"2021-02-15T14:00:00+00:00",1613397600000,67455.2779
54459,54550,53953,53956,"2021-02-15T15:00:00+00:00",1613401200000,101500.2463
55185,55252,54459,54459,"2021-02-15T16:00:00+00:00",1613404800000,111530.4102
55278,55557,55106,55194,"2021-02-15T17:00:00+00:00",1613408400000,11538.1535
55070,55434,55054,55287,"2021-02-15T18:00:00+00:00",1613412000000,54713.6307
55401,55468,55064,55064,"2021-02-15T19:00:00+00:00",1613415600000,133773.9516
55413,55592,55316,55401,"2021-02-15T20:00:00+00:00",1613419200000,28864.9854
54972,55640,54919,55413,"2021-02-15T21:00:00+00:00",1613422800000,226934.0822
55120,55197,54405,54972,"2021-02-15T22:00:00+00:00",1613426400000,462506.7802
54711,55290,54650,55120,"2021-02-15T23:00:00+00:00",1613430000000,180364.4594
54259,54758,53507,54711,"2021-02-16T00:00:00+00:00",1613433600000,318658.9131
55184,55216,54221,54259,"2021-02-16T01:00:00+00:00",1613437200000,11509.7651
55507,55766,55031,55184,"2021-02-16T02:00:00+00:00",1613440800000,28865.4051
57033,57100,55470,55507,"2021-02-16T03:00:00+00:00",1613444400000,564456.9434
56960,57742,56677,57033,"2021-02-16T04:00:00+00:00",1613448000000,835909.4173
56781,57114,56549,56960,"2021-02-16T05:00:00+00:00",1613451600000,14550.9843
56401,56832,55993,56781,"2021-02-16T06:00:00+00:00",1613455200000,76559.7821
56740,56847,55996,56401,"2021-02-16T07:00:00+00:00",1613458800000,122706.7951
56804,56884,56410,56740,"2021-02-16T08:00:00+00:00",1613462400000,550424.5123
56898,56950,56386,56804,"2021-02-16T09:00:00+00:00",1613466000000,291965.9893
56479,56950,56150,56898,"2021-02-16T10:00:00+00:00",1613469600000,50687.3038
56152,56507,56052,56479,"2021-02-16T11:00:00+00:00",1613473200000,1987453.4206
57368,58854,55481,56152,"2021-02-16T12:00:00+00:00",1613476800000,2261000.2109
56256,57551,56093,57368,"2021-02-16T13:00:00+00:00",1613480400000,153716.4424
56581,56733,55507,56256,"2021-02-16T14:00:00+00:00",1613484000000,513866.7525
56189,56839,56153,56581,"2021-02-16T15:00:00+00:00",1613487600000,23744.8939
54951,56527,54841,56189,"2021-02-16T16:00:00+00:00",1613491200000,622564.8797
54972,55460,54915,54951,"2021-02-16T17:00:00+00:00",1613494800000,428449.0572
55409,55487,54400,54972,"2021-02-16T18:00:00+00:00",1613498400000,586052.9057
55309,55559,55118,55409,"2021-02-16T19:00:00+00:00",1613502000000,23428.3667
55523,55570,54960,55309,"2021-02-16T20:00:00+00:00",1613505600000,690655.0442
55305,55561,55088,55523,"2021-02-16T21:00:00+00:00",1613509200000,167584.6061
55915,55993,55232,55305,"2021-02-16T22:00:00+00:00",1613512800000,62971.1541
56198,56292,55855,55915,"2021-02-16T23:00:00+00:00",1613516400000,102166.004
56347,56833,56198,56198,"2021-02-17T00:00:00+00:00",1613520000000,137245.674
56615,56799,56240,56347,"2021-02-17T01:00:00+00:00",1613523600000,164244.8858
57305,57929,56590,56615,"2021-02-17T02:00:00+00:00",1613527200000,214894.3047
57199,57440,56771,57322,"2021-02-17T03:00:00+00:00",1613530800000,125214.6729
56713,57544,56521,57199,"2021-02-17T04:00:00+00:00",1613534400000,90465.3534
57176,57176,56586,56713,"2021-02-17T05:00:00+00:00",1613538000000,10972.0382
57176,57176,56586,56713,"2021-02-17T05:00:00+00:00",1613538000000,10972.0382
58632,58770,57106,57176,"2021-02-17T06:00:00+00:00",1613541600000,105664.3612
59525,59649,58365,58641,"2021-02-17T07:00:00+00:00",1613545200000,541945.3891
59280,59779,58937,59525,"2021-02-17T08:00:00+00:00",1613548800000,1578436.9085
59923,60165,59280,59280,"2021-02-17T09:00:00+00:00",1613552400000,165903.16
59637,60100,59518,59923,"2021-02-17T10:00:00+00:00",1613556000000,118059.5708
59657,60179,59541,59637,"2021-02-17T11:00:00+00:00",1613559600000,381916.4873
59656,60227,59415,59657,"2021-02-17T12:00:00+00:00",1613563200000,207699.5672
59698,59800,58975,59656,"2021-02-17T13:00:00+00:00",1613566800000,265636.8251
59698,59755,59160,59693,"2021-02-17T14:00:00+00:00",1613570400000,69176.9369
59397,60164,59202,59698,"2021-02-17T15:00:00+00:00",1613574000000,765063.7691
59299,59669,58757,59397,"2021-02-17T16:00:00+00:00",1613577600000,1173457.4071
59592,59610,59134,59299,"2021-02-17T17:00:00+00:00",1613581200000,377898.3836
59685,59974,59529,59592,"2021-02-17T18:00:00+00:00",1613584800000,264782.8875